List of curated images for the CalHouses dataset, selected from the Houses Dataset (https://github.com/emanhamed/Houses-dataset, https://arxiv.org/pdf/1609.08399.pdf) and SoCal dataset (https://www.kaggle.com/datasets/ted8080/house-prices-and-images-socal).
_frontal images were taken from the Houses Dataset, the other images were selected from the SoCal dataset. 
10013.jpg
10018.jpg
10023.jpg
10027.jpg
10034.jpg
10035.jpg
9793.jpg
10041.jpg
9803.jpg
10044.jpg
10050.jpg
10051.jpg
9805.jpg
10062.jpg
9809.jpg
10066.jpg
10067.jpg
10070.jpg
9810.jpg
1009.jpg
10093.jpg
9814.jpg
9819.jpg
10100.jpg
10107.jpg
9824.jpg
10113.jpg
10114.jpg
10117.jpg
10119.jpg
10129.jpg
10130.jpg
10134.jpg
9840.jpg
10141.jpg
10143.jpg
10144.jpg
1015.jpg
9844.jpg
1017.jpg
10170.jpg
9857.jpg
10180.jpg
10186.jpg
10188.jpg
10189.jpg
10191.jpg
10193.jpg
10196.jpg
101_frontal.jpg
10202.jpg
10207.jpg
10209.jpg
10210.jpg
10211.jpg
10212.jpg
10213.jpg
10214.jpg
10215.jpg
10216.jpg
10217.jpg
10221.jpg
10223.jpg
10230.jpg
10238.jpg
10240.jpg
10244.jpg
10247.jpg
10249.jpg
10253.jpg
10254.jpg
10255.jpg
10269.jpg
1027.jpg
10275.jpg
10276.jpg
10278.jpg
10279.jpg
10289.jpg
1029.jpg
10295.jpg
102_frontal.jpg
9860.jpg
10301.jpg
10304.jpg
10315.jpg
987.jpg
1033.jpg
10338.jpg
10339.jpg
9870.jpg
9876.jpg
9878.jpg
10376.jpg
10379.jpg
10381.jpg
10384.jpg
9879.jpg
10386.jpg
9892.jpg
10390.jpg
104.jpg
10405.jpg
10409.jpg
10419.jpg
98_frontal.jpg
10422.jpg
10426.jpg
9907.jpg
10447.jpg
1045.jpg
10457.jpg
10459.jpg
1046.jpg
10461.jpg
10463.jpg
10464.jpg
10466.jpg
10467.jpg
10468.jpg
10474.jpg
10477.jpg
1048.jpg
10484.jpg
10485.jpg
10489.jpg
10492.jpg
10494.jpg
104_frontal.jpg
10509.jpg
10520.jpg
10522.jpg
10527.jpg
10531.jpg
10533.jpg
1054.jpg
10545.jpg
10546.jpg
10547.jpg
10562.jpg
10563.jpg
10566.jpg
10573.jpg
10594.jpg
105_frontal.jpg
106.jpg
10612.jpg
10616.jpg
10624.jpg
10643.jpg
10663.jpg
10675.jpg
10680.jpg
10681.jpg
9915.jpg
10694.jpg
10705.jpg
10713.jpg
10717.jpg
10718.jpg
9916.jpg
10743.jpg
1076.jpg
10768.jpg
10773.jpg
10776.jpg
10781.jpg
10785.jpg
10788.jpg
107_frontal.jpg
10800.jpg
10823.jpg
10825.jpg
10830.jpg
10831.jpg
10832.jpg
10845.jpg
10847.jpg
10850.jpg
10856.jpg
10859.jpg
10860.jpg
10861.jpg
10862.jpg
10863.jpg
10864.jpg
10876.jpg
10878.jpg
10897.jpg
10900.jpg
10914.jpg
109_frontal.jpg
11006.jpg
11014.jpg
11040.jpg
11061.jpg
11099.jpg
11165.jpg
11172.jpg
11197.jpg
111_frontal.jpg
11206.jpg
11208.jpg
11236.jpg
11259.jpg
11290.jpg
11293.jpg
11295.jpg
112_frontal.jpg
11379.jpg
113_frontal.jpg
11409.jpg
11438.jpg
114_frontal.jpg
1150.jpg
11512.jpg
11546.jpg
9923.jpg
9928.jpg
11592.jpg
11595.jpg
115_frontal.jpg
1160.jpg
1161.jpg
1162.jpg
11624.jpg
9933.jpg
11635.jpg
11641.jpg
11645.jpg
9947.jpg
1165.jpg
11655.jpg
11657.jpg
1168.jpg
11691.jpg
11728.jpg
11733.jpg
11734.jpg
11736.jpg
11745.jpg
11750.jpg
11751.jpg
11754.jpg
11772.jpg
117_frontal.jpg
9959.jpg
11806.jpg
9973.jpg
11819.jpg
11834.jpg
11846.jpg
11862.jpg
11870.jpg
11873.jpg
11888.jpg
11891.jpg
118_frontal.jpg
11908.jpg
11911.jpg
9975.jpg
11945.jpg
11963.jpg
11990.jpg
11993.jpg
11995.jpg
119_frontal.jpg
12008.jpg
9977.jpg
12018.jpg
9978.jpg
12033.jpg
12048.jpg
9980.jpg
9988.jpg
12064.jpg
12077.jpg
12078.jpg
12081.jpg
12082.jpg
12083.jpg
12095.jpg
120_frontal.jpg
9990.jpg
12133.jpg
9992.jpg
12140.jpg
12168.jpg
12173.jpg
12174.jpg
12176.jpg
12196.jpg
12199.jpg
12209.jpg
9994.jpg
12212.jpg
12218.jpg
12227.jpg
12233.jpg
1224.jpg
12250.jpg
12257.jpg
12283.jpg
99_frontal.jpg
12287.jpg
12297.jpg
12305.jpg
12311.jpg
12314.jpg
12327.jpg
12335.jpg
12336.jpg
12337.jpg
12366.jpg
12371.jpg
12375.jpg
123_frontal.jpg
12400.jpg
12409.jpg
12410.jpg
1243.jpg
12471.jpg
12478.jpg
124_frontal.jpg
12500.jpg
23.jpg
12509.jpg
12527.jpg
12536.jpg
1256.jpg
12568.jpg
1257.jpg
12576.jpg
28.jpg
34.jpg
1258.jpg
39.jpg
12584.jpg
1260.jpg
12610.jpg
45.jpg
12618.jpg
1262.jpg
12628.jpg
12636.jpg
12639.jpg
55.jpg
57.jpg
12671.jpg
59.jpg
12688.jpg
63.jpg
12700.jpg
64.jpg
12703.jpg
69.jpg
12706.jpg
1271.jpg
12721.jpg
12726.jpg
12728.jpg
12729.jpg
1273.jpg
70.jpg
12739.jpg
12741.jpg
12755.jpg
1276.jpg
12769.jpg
12773.jpg
12777.jpg
12783.jpg
1279.jpg
12791.jpg
12798.jpg
127_frontal.jpg
12805.jpg
12807.jpg
12809.jpg
12837.jpg
76.jpg
12842.jpg
12847.jpg
12856.jpg
12866.jpg
12868.jpg
12888.jpg
1289.jpg
12893.jpg
12894.jpg
12897.jpg
12900.jpg
12901.jpg
87.jpg
1291.jpg
12914.jpg
12915.jpg
92.jpg
1292.jpg
12920.jpg
12933.jpg
12936.jpg
1294.jpg
12946.jpg
12948.jpg
12950.jpg
12957.jpg
12964.jpg
12980.jpg
129_frontal.jpg
13008.jpg
13018.jpg
13027.jpg
13046.jpg
94.jpg
1305.jpg
13060.jpg
13078.jpg
13094.jpg
13121.jpg
13134.jpg
13147.jpg
13150.jpg
13160.jpg
13166.jpg
13174.jpg
13182.jpg
13185.jpg
131_frontal.jpg
13207.jpg
13211.jpg
13212.jpg
13274.jpg
13275.jpg
13276.jpg
13285.jpg
13305.jpg
13316.jpg
13350.jpg
13357.jpg
13358.jpg
13371.jpg
13372.jpg
13375.jpg
13376.jpg
1338.jpg
13388.jpg
13414.jpg
13453.jpg
13456.jpg
13470.jpg
13472.jpg
13473.jpg
13475.jpg
13476.jpg
13478.jpg
13485.jpg
13486.jpg
99.jpg
13504.jpg
13505.jpg
13508.jpg
13510.jpg
13522.jpg
13523.jpg
1355.jpg
13556.jpg
1357.jpg
1360.jpg
988.jpg
107.jpg
13617.jpg
13620.jpg
13624.jpg
111.jpg
1366.jpg
13665.jpg
13672.jpg
13679.jpg
136_frontal.jpg
13731.jpg
13737.jpg
112.jpg
1377.jpg
13791.jpg
13792.jpg
137_frontal.jpg
1380.jpg
13803.jpg
1381.jpg
1382.jpg
13834.jpg
1384.jpg
1385.jpg
115.jpg
13894.jpg
13896.jpg
13904.jpg
13907.jpg
13915.jpg
13917.jpg
13924.jpg
13957.jpg
138.jpg
13963.jpg
13965.jpg
13966.jpg
13968.jpg
153.jpg
13971.jpg
13978.jpg
13993.jpg
14011.jpg
14019.jpg
14031.jpg
14036.jpg
14045.jpg
14052.jpg
14056.jpg
14084.jpg
157.jpg
14103.jpg
14162.jpg
14179.jpg
1418.jpg
141_frontal.jpg
162.jpg
1420.jpg
14204.jpg
170.jpg
14208.jpg
14225.jpg
172.jpg
14267.jpg
14275.jpg
14276.jpg
14286.jpg
14293.jpg
142_frontal.jpg
175.jpg
1432.jpg
14324.jpg
14332.jpg
14334.jpg
14338.jpg
14378.jpg
14387.jpg
14388.jpg
14390.jpg
14391.jpg
14392.jpg
144.jpg
1440.jpg
14400.jpg
14401.jpg
14402.jpg
14404.jpg
180.jpg
184.jpg
14408.jpg
14411.jpg
186.jpg
14418.jpg
14420.jpg
197.jpg
14424.jpg
14427.jpg
204.jpg
14433.jpg
992.jpg
14438.jpg
211.jpg
218.jpg
14441.jpg
234.jpg
14444.jpg
14448.jpg
14450.jpg
14452.jpg
14453.jpg
14455.jpg
14459.jpg
14461.jpg
14469.jpg
14470.jpg
14472.jpg
144_frontal.jpg
14500.jpg
14501.jpg
14512.jpg
14517.jpg
14520.jpg
1002.jpg
14581.jpg
14582.jpg
14584.jpg
14588.jpg
14596.jpg
145_frontal.jpg
14600.jpg
14615.jpg
14619.jpg
14626.jpg
14636.jpg
14640.jpg
1466.jpg
14679.jpg
14688.jpg
147.jpg
14716.jpg
14724.jpg
1475.jpg
1476.jpg
147_frontal.jpg
47.jpg
14846.jpg
14847.jpg
14865.jpg
14880.jpg
14881.jpg
263.jpg
14898.jpg
148_frontal.jpg
48.jpg
14902.jpg
1491.jpg
14913.jpg
14916.jpg
14924.jpg
266.jpg
14956.jpg
14964.jpg
14972.jpg
14976.jpg
14977.jpg
269.jpg
14987.jpg
14990.jpg
149_frontal.jpg
1500.jpg
272.jpg
15022.jpg
15030.jpg
15032.jpg
15034.jpg
15035.jpg
15038.jpg
15058.jpg
15076.jpg
15094.jpg
15097.jpg
15106.jpg
15109.jpg
1512.jpg
15126.jpg
279.jpg
283.jpg
288.jpg
313.jpg
323.jpg
1516.jpg
15165.jpg
15169.jpg
324.jpg
330.jpg
15193.jpg
15195.jpg
15199.jpg
151_frontal.jpg
337.jpg
15202.jpg
15205.jpg
15207.jpg
15210.jpg
15212.jpg
1522.jpg
15222.jpg
15225.jpg
15228.jpg
15237.jpg
15252.jpg
1526.jpg
15260.jpg
15267.jpg
15285.jpg
15294.jpg
152_frontal.jpg
15301.jpg
15305.jpg
15307.jpg
15327.jpg
1533.jpg
15340.jpg
352.jpg
15353.jpg
15354.jpg
15358.jpg
15361.jpg
15362.jpg
15372.jpg
15373.jpg
15374.jpg
1538.jpg
15388.jpg
153_frontal.jpg
15421.jpg
15430.jpg
15438.jpg
15460.jpg
154_frontal.jpg
156_frontal.jpg
158_frontal.jpg
159_frontal.jpg
160.jpg
1603.jpg
1604.jpg
161.jpg
161_frontal.jpg
1622.jpg
1626.jpg
162_frontal.jpg
163.jpg
1631.jpg
359.jpg
1638.jpg
164.jpg
1646.jpg
164_frontal.jpg
1652.jpg
1654.jpg
1657.jpg
165_frontal.jpg
1660.jpg
1662.jpg
1665.jpg
1666.jpg
166_frontal.jpg
1672.jpg
168_frontal.jpg
169_frontal.jpg
170_frontal.jpg
171.jpg
1713.jpg
362.jpg
1717.jpg
1721.jpg
172_frontal.jpg
1743.jpg
1747.jpg
1749.jpg
174_frontal.jpg
1754.jpg
1757.jpg
175_frontal.jpg
370.jpg
1768.jpg
1769.jpg
177.jpg
177_frontal.jpg
1789.jpg
178_frontal.jpg
179.jpg
179_frontal.jpg
18.jpg
180_frontal.jpg
372.jpg
374.jpg
1816.jpg
1817.jpg
378.jpg
384.jpg
1822.jpg
1828.jpg
1836.jpg
1837.jpg
183_frontal.jpg
392.jpg
1841.jpg
1848.jpg
184_frontal.jpg
185.jpg
1853.jpg
185_frontal.jpg
1861.jpg
1862.jpg
1863.jpg
1866.jpg
1868.jpg
1872.jpg
1005.jpg
406.jpg
1878.jpg
408.jpg
1884.jpg
188_frontal.jpg
189.jpg
1898.jpg
189_frontal.jpg
18_frontal.jpg
1900.jpg
1905.jpg
190_frontal.jpg
414.jpg
1923.jpg
1939.jpg
193_frontal.jpg
194.jpg
1940.jpg
424.jpg
194_frontal.jpg
195.jpg
426.jpg
195_frontal.jpg
1960.jpg
1961.jpg
1962.jpg
1971.jpg
1973.jpg
1983.jpg
427.jpg
428.jpg
1986.jpg
1987.jpg
430.jpg
1991.jpg
1993.jpg
1995.jpg
1997.jpg
1999.jpg
431.jpg
2001.jpg
435.jpg
446.jpg
2008.jpg
2014.jpg
2015.jpg
2016.jpg
201_frontal.jpg
2024.jpg
202_frontal.jpg
2048.jpg
204_frontal.jpg
2051.jpg
2053.jpg
2058.jpg
2059.jpg
205_frontal.jpg
2062.jpg
453.jpg
2067.jpg
2069.jpg
206_frontal.jpg
2076.jpg
2088.jpg
208_frontal.jpg
2090.jpg
2093.jpg
2099.jpg
455.jpg
456.jpg
2109.jpg
2112.jpg
2115.jpg
2116.jpg
2117.jpg
211_frontal.jpg
2121.jpg
2131.jpg
2134.jpg
2135.jpg
213_frontal.jpg
214_frontal.jpg
2158.jpg
215_frontal.jpg
2163.jpg
460.jpg
2165.jpg
2167.jpg
2168.jpg
2171.jpg
2173.jpg
218_frontal.jpg
2190.jpg
2191.jpg
2194.jpg
219_frontal.jpg
220.jpg
2205.jpg
220_frontal.jpg
2219.jpg
221_frontal.jpg
222.jpg
2222.jpg
468.jpg
2224.jpg
2226.jpg
222_frontal.jpg
2233.jpg
2237.jpg
223_frontal.jpg
2249.jpg
224_frontal.jpg
1008.jpg
225_frontal.jpg
2267.jpg
226_frontal.jpg
228.jpg
228_frontal.jpg
518.jpg
229_frontal.jpg
2304.jpg
230_frontal.jpg
2319.jpg
231_frontal.jpg
2320.jpg
2324.jpg
2326.jpg
2327.jpg
2329.jpg
232_frontal.jpg
233_frontal.jpg
234_frontal.jpg
235_frontal.jpg
2374.jpg
237_frontal.jpg
2384.jpg
238_frontal.jpg
2391.jpg
2393.jpg
239_frontal.jpg
23_frontal.jpg
2400.jpg
240_frontal.jpg
2416.jpg
241_frontal.jpg
2420.jpg
242_frontal.jpg
243_frontal.jpg
2442.jpg
2445.jpg
2447.jpg
244_frontal.jpg
2457.jpg
245_frontal.jpg
2460.jpg
246_frontal.jpg
247.jpg
2475.jpg
523.jpg
247_frontal.jpg
2487.jpg
2491.jpg
2494.jpg
249_frontal.jpg
250_frontal.jpg
528.jpg
251_frontal.jpg
2520.jpg
252_frontal.jpg
539.jpg
253_frontal.jpg
2544.jpg
2564.jpg
257.jpg
2586.jpg
2588.jpg
258_frontal.jpg
259_frontal.jpg
260.jpg
261_frontal.jpg
262.jpg
2624.jpg
2633.jpg
2639.jpg
263_frontal.jpg
2642.jpg
2644.jpg
264_frontal.jpg
265.jpg
2655.jpg
265_frontal.jpg
541.jpg
2661.jpg
551.jpg
562.jpg
266_frontal.jpg
267.jpg
2673.jpg
2674.jpg
2677.jpg
267_frontal.jpg
2688.jpg
268_frontal.jpg
2695.jpg
2698.jpg
2699.jpg
271_frontal.jpg
272_frontal.jpg
273.jpg
2730.jpg
2731.jpg
273_frontal.jpg
2741.jpg
274_frontal.jpg
2756.jpg
2758.jpg
276_frontal.jpg
2772.jpg
2774.jpg
277_frontal.jpg
2789.jpg
278_frontal.jpg
2793.jpg
570.jpg
2798.jpg
279_frontal.jpg
2815.jpg
2816.jpg
2818.jpg
281_frontal.jpg
283_frontal.jpg
2849.jpg
2850.jpg
2851.jpg
2852.jpg
2853.jpg
2858.jpg
285_frontal.jpg
2864.jpg
2868.jpg
287_frontal.jpg
2880.jpg
2899.jpg
289_frontal.jpg
290_frontal.jpg
291_frontal.jpg
2926.jpg
2927.jpg
2929.jpg
2932.jpg
2944.jpg
294_frontal.jpg
2958.jpg
580.jpg
2965.jpg
296_frontal.jpg
2971.jpg
297_frontal.jpg
2985.jpg
298_frontal.jpg
299_frontal.jpg
3001.jpg
3002.jpg
300_frontal.jpg
3023.jpg
302_frontal.jpg
3036.jpg
3037.jpg
3039.jpg
303_frontal.jpg
3040.jpg
3050.jpg
3053.jpg
3055.jpg
305_frontal.jpg
3067.jpg
3069.jpg
306_frontal.jpg
590.jpg
3077.jpg
3079.jpg
307_frontal.jpg
3081.jpg
3088.jpg
308_frontal.jpg
3101.jpg
3108.jpg
3111.jpg
3112.jpg
3114.jpg
3116.jpg
3117.jpg
312.jpg
3121.jpg
3124.jpg
3140.jpg
3145.jpg
3146.jpg
314_frontal.jpg
3150.jpg
3156.jpg
315_frontal.jpg
592.jpg
316_frontal.jpg
3171.jpg
3174.jpg
3180.jpg
3199.jpg
319_frontal.jpg
3202.jpg
3207.jpg
320_frontal.jpg
3210.jpg
3211.jpg
3214.jpg
3221.jpg
3223.jpg
322_frontal.jpg
3249.jpg
3255.jpg
3258.jpg
3259.jpg
325_frontal.jpg
326_frontal.jpg
3274.jpg
3275.jpg
3279.jpg
327_frontal.jpg
3288.jpg
328_frontal.jpg
3293.jpg
3295.jpg
3300.jpg
3301.jpg
330_frontal.jpg
3314.jpg
3317.jpg
3318.jpg
3322.jpg
3338.jpg
333_frontal.jpg
3347.jpg
3351.jpg
3354.jpg
3355.jpg
3359.jpg
335_frontal.jpg
3361.jpg
3362.jpg
3364.jpg
3370.jpg
3389.jpg
338_frontal.jpg
339_frontal.jpg
33_frontal.jpg
3402.jpg
3406.jpg
3408.jpg
342.jpg
342_frontal.jpg
343_frontal.jpg
344_frontal.jpg
345_frontal.jpg
346_frontal.jpg
347_frontal.jpg
348.jpg
348_frontal.jpg
35.jpg
350_frontal.jpg
352_frontal.jpg
353_frontal.jpg
354_frontal.jpg
355_frontal.jpg
358_frontal.jpg
359_frontal.jpg
361.jpg
3628.jpg
362_frontal.jpg
3633.jpg
3640.jpg
367_frontal.jpg
369_frontal.jpg
3702.jpg
3704.jpg
370_frontal.jpg
371.jpg
3719.jpg
3725.jpg
372_frontal.jpg
3730.jpg
373_frontal.jpg
3745.jpg
3754.jpg
3764.jpg
376_frontal.jpg
3774.jpg
377_frontal.jpg
3790.jpg
3791.jpg
3799.jpg
38.jpg
608.jpg
3802.jpg
3808.jpg
381_frontal.jpg
3832.jpg
383_frontal.jpg
385.jpg
623.jpg
630.jpg
3856.jpg
386_frontal.jpg
387.jpg
3884.jpg
388_frontal.jpg
3897.jpg
389_frontal.jpg
3907.jpg
3908.jpg
3911.jpg
391_frontal.jpg
393_frontal.jpg
3943.jpg
394_frontal.jpg
3954.jpg
395_frontal.jpg
3962.jpg
3964.jpg
3972.jpg
3975.jpg
3977.jpg
3978.jpg
397_frontal.jpg
3981.jpg
3984.jpg
398_frontal.jpg
3999.jpg
39_frontal.jpg
637.jpg
401_frontal.jpg
641.jpg
643.jpg
404_frontal.jpg
405_frontal.jpg
4068.jpg
407.jpg
647.jpg
4082.jpg
408_frontal.jpg
4097.jpg
409_frontal.jpg
40_frontal.jpg
410.jpg
4114.jpg
4119.jpg
631.jpg
4138.jpg
413_frontal.jpg
4140.jpg
4142.jpg
652.jpg
636.jpg
414_frontal.jpg
665.jpg
4179.jpg
4180.jpg
4188.jpg
418_frontal.jpg
419.jpg
4196.jpg
4200.jpg
4201.jpg
4203.jpg
420_frontal.jpg
4217.jpg
4226.jpg
4246.jpg
4251.jpg
4253.jpg
425_frontal.jpg
4261.jpg
4266.jpg
4267.jpg
4279.jpg
4284.jpg
4287.jpg
428_frontal.jpg
666.jpg
42_frontal.jpg
43.jpg
668.jpg
4317.jpg
4321.jpg
669.jpg
432_frontal.jpg
4338.jpg
433_frontal.jpg
4340.jpg
4346.jpg
434_frontal.jpg
4362.jpg
4364.jpg
437.jpg
437_frontal.jpg
4381.jpg
4382.jpg
4384.jpg
438_frontal.jpg
4391.jpg
439_frontal.jpg
43_frontal.jpg
44.jpg
672.jpg
4401.jpg
4416.jpg
441_frontal.jpg
442_frontal.jpg
4431.jpg
4440.jpg
678.jpg
4462.jpg
4463.jpg
4465.jpg
446_frontal.jpg
4490.jpg
4493.jpg
4495.jpg
44_frontal.jpg
4504.jpg
4506.jpg
4508.jpg
450_frontal.jpg
4513.jpg
4519.jpg
4521.jpg
454.jpg
4548.jpg
4549.jpg
4550.jpg
4551.jpg
455_frontal.jpg
4566.jpg
4569.jpg
456_frontal.jpg
4570.jpg
457_frontal.jpg
4582.jpg
458_frontal.jpg
4599.jpg
45_frontal.jpg
4607.jpg
4608.jpg
461_frontal.jpg
4625.jpg
4628.jpg
462_frontal.jpg
4630.jpg
1014.jpg
4644.jpg
4645.jpg
4649.jpg
4657.jpg
4659.jpg
465_frontal.jpg
4660.jpg
4661.jpg
466_frontal.jpg
4676.jpg
467_frontal.jpg
4684.jpg
4685.jpg
4687.jpg
4689.jpg
468_frontal.jpg
4691.jpg
4694.jpg
4696.jpg
469_frontal.jpg
470_frontal.jpg
471_frontal.jpg
472_frontal.jpg
4737.jpg
4740.jpg
4749.jpg
474_frontal.jpg
4750.jpg
4753.jpg
4759.jpg
4763.jpg
4768.jpg
476_frontal.jpg
477_frontal.jpg
4788.jpg
478_frontal.jpg
4794.jpg
4796.jpg
4797.jpg
479_frontal.jpg
47_frontal.jpg
4802.jpg
4809.jpg
480_frontal.jpg
481.jpg
4813.jpg
4816.jpg
481_frontal.jpg
4826.jpg
482_frontal.jpg
483_frontal.jpg
485_frontal.jpg
486.jpg
4865.jpg
4868.jpg
4869.jpg
487.jpg
4871.jpg
4877.jpg
4878.jpg
4885.jpg
4886.jpg
4887.jpg
4888.jpg
488_frontal.jpg
489_frontal.jpg
4905.jpg
490_frontal.jpg
491_frontal.jpg
4920.jpg
4921.jpg
493_frontal.jpg
495_frontal.jpg
497_frontal.jpg
498_frontal.jpg
4991.jpg
499_frontal.jpg
500_frontal.jpg
501_frontal.jpg
502_frontal.jpg
504_frontal.jpg
507.jpg
507_frontal.jpg
508.jpg
509.jpg
509_frontal.jpg
511_frontal.jpg
512.jpg
514_frontal.jpg
5150.jpg
516_frontal.jpg
517_frontal.jpg
518_frontal.jpg
519_frontal.jpg
51_frontal.jpg
520_frontal.jpg
521_frontal.jpg
522_frontal.jpg
523_frontal.jpg
524_frontal.jpg
525_frontal.jpg
526_frontal.jpg
527_frontal.jpg
528_frontal.jpg
5318.jpg
531_frontal.jpg
5335.jpg
533_frontal.jpg
534_frontal.jpg
535.jpg
535_frontal.jpg
5383.jpg
53_frontal.jpg
5441.jpg
5450.jpg
5481.jpg
5517.jpg
1023.jpg
5547.jpg
5586.jpg
55_frontal.jpg
5621.jpg
5625.jpg
563.jpg
565.jpg
568.jpg
5680.jpg
5707.jpg
5709.jpg
571.jpg
5715.jpg
5727.jpg
5729.jpg
5732.jpg
696.jpg
574.jpg
701.jpg
5742.jpg
575.jpg
5750.jpg
5752.jpg
5754.jpg
706.jpg
5766.jpg
5771.jpg
5772.jpg
5777.jpg
5780.jpg
5790.jpg
5792.jpg
57_frontal.jpg
58.jpg
5800.jpg
5812.jpg
716.jpg
5821.jpg
5838.jpg
5874.jpg
589.jpg
58_frontal.jpg
5912.jpg
5930.jpg
1025.jpg
5939.jpg
5945.jpg
5950.jpg
5951.jpg
5952.jpg
5958.jpg
5961.jpg
723.jpg
5978.jpg
5981.jpg
5986.jpg
5989.jpg
5996.jpg
727.jpg
5_frontal.jpg
6010.jpg
6012.jpg
6014.jpg
6021.jpg
6032.jpg
6043.jpg
6076.jpg
6079.jpg
6090.jpg
60_frontal.jpg
612.jpg
6136.jpg
6137.jpg
6138.jpg
6145.jpg
6146.jpg
6151.jpg
6156.jpg
6163.jpg
6180.jpg
61_frontal.jpg
62.jpg
6200.jpg
6206.jpg
6217.jpg
622.jpg
6226.jpg
6238.jpg
6243.jpg
6249.jpg
6265.jpg
6274.jpg
62_frontal.jpg
731.jpg
6343.jpg
6346.jpg
6349.jpg
1028.jpg
6363.jpg
1036.jpg
758.jpg
63_frontal.jpg
642.jpg
774.jpg
644.jpg
6440.jpg
6443.jpg
645.jpg
775.jpg
646.jpg
6461.jpg
6479.jpg
6485.jpg
6497.jpg
64_frontal.jpg
65.jpg
6513.jpg
6527.jpg
6549.jpg
6559.jpg
657.jpg
6583.jpg
6597.jpg
65_frontal.jpg
6608.jpg
777.jpg
6618.jpg
6647.jpg
6653.jpg
6655.jpg
6660.jpg
6667.jpg
6669.jpg
6687.jpg
66_frontal.jpg
671.jpg
674.jpg
6757.jpg
6766.jpg
6779.jpg
67_frontal.jpg
685.jpg
689.jpg
68_frontal.jpg
692.jpg
693.jpg
787.jpg
699.jpg
6998.jpg
6_frontal.jpg
7001.jpg
704.jpg
7044.jpg
7050.jpg
7051.jpg
7070.jpg
7077.jpg
788.jpg
70_frontal.jpg
71.jpg
713.jpg
714.jpg
7147.jpg
7164.jpg
7195.jpg
71_frontal.jpg
72.jpg
7216.jpg
7237.jpg
7245.jpg
1043.jpg
7256.jpg
7278.jpg
72_frontal.jpg
73.jpg
7363.jpg
816.jpg
73_frontal.jpg
743.jpg
74_frontal.jpg
750.jpg
751.jpg
7516.jpg
7521.jpg
754.jpg
7596.jpg
75_frontal.jpg
762.jpg
7626.jpg
7650.jpg
7651.jpg
766.jpg
769.jpg
77_frontal.jpg
78_frontal.jpg
7938.jpg
79_frontal.jpg
80.jpg
800.jpg
8022.jpg
8054.jpg
8079.jpg
80_frontal.jpg
81.jpg
8100.jpg
1052.jpg
811.jpg
8113.jpg
8127.jpg
828.jpg
818.jpg
819.jpg
8191.jpg
81_frontal.jpg
82.jpg
821.jpg
8213.jpg
8247.jpg
825.jpg
8255.jpg
8258.jpg
82_frontal.jpg
829.jpg
8325.jpg
833.jpg
8333.jpg
834.jpg
8361.jpg
8365.jpg
830.jpg
8382.jpg
832.jpg
835.jpg
837.jpg
8434.jpg
8447.jpg
8464.jpg
8465.jpg
8466.jpg
8472.jpg
8480.jpg
8482.jpg
8488.jpg
8496.jpg
838.jpg
1053.jpg
85.jpg
850.jpg
8505.jpg
8507.jpg
8517.jpg
8523.jpg
8537.jpg
8543.jpg
851.jpg
8560.jpg
8566.jpg
857.jpg
8570.jpg
8574.jpg
8583.jpg
8584.jpg
8595.jpg
86.jpg
8600.jpg
852.jpg
8610.jpg
8612.jpg
8614.jpg
8619.jpg
853.jpg
8623.jpg
8630.jpg
8633.jpg
8639.jpg
8641.jpg
8647.jpg
8674.jpg
854.jpg
8680.jpg
8690.jpg
8692.jpg
8696.jpg
8697.jpg
8699.jpg
86_frontal.jpg
8702.jpg
8713.jpg
8714.jpg
8725.jpg
8726.jpg
8730.jpg
8731.jpg
8743.jpg
8748.jpg
8749.jpg
8752.jpg
858.jpg
8760.jpg
8771.jpg
8788.jpg
8795.jpg
8802.jpg
8808.jpg
8820.jpg
8838.jpg
884.jpg
8843.jpg
8844.jpg
8851.jpg
8855.jpg
8863.jpg
8864.jpg
8867.jpg
8868.jpg
8869.jpg
8870.jpg
8876.jpg
8878.jpg
8879.jpg
8880.jpg
8881.jpg
89.jpg
8900.jpg
8905.jpg
8910.jpg
873.jpg
8925.jpg
8927.jpg
8937.jpg
8938.jpg
8940.jpg
8944.jpg
8951.jpg
8952.jpg
8961.jpg
878.jpg
8965.jpg
8972.jpg
8974.jpg
8976.jpg
8983.jpg
899.jpg
8991.jpg
89_frontal.jpg
8_frontal.jpg
9.jpg
9000.jpg
9004.jpg
882.jpg
885.jpg
9023.jpg
9024.jpg
1055.jpg
9039.jpg
904.jpg
9044.jpg
9045.jpg
9048.jpg
9054.jpg
9055.jpg
9059.jpg
9063.jpg
9072.jpg
9077.jpg
898.jpg
9087.jpg
9091.jpg
9096.jpg
9097.jpg
91.jpg
9101.jpg
9105.jpg
9107.jpg
9108.jpg
9111.jpg
912.jpg
900.jpg
9129.jpg
913.jpg
9131.jpg
9134.jpg
9135.jpg
9139.jpg
9143.jpg
902.jpg
9148.jpg
9149.jpg
9158.jpg
9173.jpg
9176.jpg
9177.jpg
9178.jpg
9181.jpg
1056.jpg
9791.jpg
9186.jpg
9192.jpg
923.jpg
9198.jpg
9200.jpg
927.jpg
9219.jpg
9227.jpg
9228.jpg
9229.jpg
9231.jpg
9235.jpg
9247.jpg
925.jpg
932.jpg
933.jpg
9260.jpg
9267.jpg
9274.jpg
9280.jpg
9284.jpg
935.jpg
92_frontal.jpg
9311.jpg
9315.jpg
940.jpg
9330.jpg
9331.jpg
9333.jpg
9334.jpg
9335.jpg
9336.jpg
9340.jpg
9354.jpg
9360.jpg
947.jpg
9363.jpg
9365.jpg
9370.jpg
9373.jpg
9374.jpg
9375.jpg
9378.jpg
9379.jpg
9383.jpg
9385.jpg
9387.jpg
9390.jpg
9398.jpg
93_frontal.jpg
9402.jpg
9403.jpg
9412.jpg
952.jpg
9422.jpg
9429.jpg
9437.jpg
9440.jpg
9452.jpg
968.jpg
9461.jpg
977.jpg
9470.jpg
9476.jpg
9478.jpg
9480.jpg
9484.jpg
9486.jpg
9496.jpg
94_frontal.jpg
95.jpg
9501.jpg
9505.jpg
9508.jpg
9509.jpg
9512.jpg
9514.jpg
9515.jpg
9520.jpg
9534.jpg
9540.jpg
9542.jpg
9547.jpg
9554.jpg
9556.jpg
956.jpg
9569.jpg
9575.jpg
9576.jpg
9579.jpg
958.jpg
955.jpg
9588.jpg
9591.jpg
9592.jpg
9596.jpg
9598.jpg
9602.jpg
9605.jpg
9607.jpg
957.jpg
9613.jpg
983.jpg
9617.jpg
9621.jpg
9626.jpg
9630.jpg
9635.jpg
9636.jpg
9641.jpg
9642.jpg
9650.jpg
9675.jpg
9677.jpg
9681.jpg
9683.jpg
9685.jpg
9686.jpg
9689.jpg
9692.jpg
9697.jpg
9702.jpg
9703.jpg
9709.jpg
9719.jpg
985.jpg
9729.jpg
9730.jpg
9734.jpg
9735.jpg
9738.jpg
9759.jpg
9761.jpg
9767.jpg
9770.jpg
9776.jpg
9777.jpg
9789.jpg
